id,title,source,url,type,tags,notes
1,Rag Pipeline Design — OpenAI Blog insight 001,OpenAI Blog,https://openai.com/blog/rag-pipeline-design-001,article,"ai-product,rag-pipeline-design",自动生成线索，待人工核验与筛选。
2,Retrieval Evaluation — OpenAI Docs insight 002,OpenAI Docs,https://platform.openai.com/docs/retrieval-evaluation-002,docs,"ai-product,retrieval-evaluation",自动生成线索，待人工核验与筛选。
3,Chunking Strategies — Anthropic Newsroom insight 003,Anthropic Newsroom,https://www.anthropic.com/news/chunking-strategies-003,article,"ai-product,chunking-strategies",自动生成线索，待人工核验与筛选。
4,Vector Database Tuning — Google Research Blog insight 004,Google Research Blog,https://research.google/blog/vector-database-tuning-004,article,"ai-product,vector-database-tuning",自动生成线索，待人工核验与筛选。
5,Prompt Engineering — DeepMind Blog insight 005,DeepMind Blog,https://deepmind.google/discover/blog/prompt-engineering-005,article,"ai-product,prompt-engineering",自动生成线索，待人工核验与筛选。
6,Structured Output — Meta AI Blog insight 006,Meta AI Blog,https://ai.meta.com/blog/structured-output-006,article,"ai-product,structured-output",自动生成线索，待人工核验与筛选。
7,Tool Use Agents — Microsoft Research insight 007,Microsoft Research,https://www.microsoft.com/en-us/research/publication/tool-use-agents-007,paper,"ai-product,tool-use-agents",自动生成线索，待人工核验与筛选。
8,Multi-Agent Orchestration — Azure AI Blog insight 008,Azure AI Blog,https://azure.microsoft.com/en-us/blog/topics/ai-machine-learning/multi-agent-orchestration-008,article,"ai-product,multi-agent-orchestration",自动生成线索，待人工核验与筛选。
9,Guardrails And Safety — AWS ML Blog insight 009,AWS ML Blog,https://aws.amazon.com/blogs/machine-learning/guardrails-and-safety-009,article,"ai-product,guardrails-and-safety",自动生成线索，待人工核验与筛选。
10,Prompt Injection Defense — Hugging Face Blog insight 010,Hugging Face Blog,https://huggingface.co/blog/prompt-injection-defense-010,article,"ai-product,prompt-injection-defense",自动生成线索，待人工核验与筛选。
11,Hallucination Mitigation — Hugging Face Course insight 011,Hugging Face Course,https://huggingface.co/learn/hallucination-mitigation-011,course,"ai-product,hallucination-mitigation",自动生成线索，待人工核验与筛选。
12,Context Caching — NVIDIA Developer Blog insight 012,NVIDIA Developer Blog,https://developer.nvidia.com/blog/context-caching-012,article,"ai-product,context-caching",自动生成线索，待人工核验与筛选。
13,Token Efficiency — MLOps Community insight 013,MLOps Community,https://mlops.community/token-efficiency-013,community,"ai-product,token-efficiency",自动生成线索，待人工核验与筛选。
14,Cost Optimization — Weights & Biases Reports insight 014,Weights & Biases Reports,https://wandb.ai/cost-optimization-014,case-study,"ai-product,cost-optimization",自动生成线索，待人工核验与筛选。
15,Latency Reduction — Papers with Code insight 015,Papers with Code,https://paperswithcode.com/latency-reduction-015,paper,"ai-product,latency-reduction",自动生成线索，待人工核验与筛选。
16,Evaluation Harness — ArXiv insight 016,ArXiv,https://arxiv.org/evaluation-harness-016,paper,"ai-product,evaluation-harness",自动生成线索，待人工核验与筛选。
17,Human-In-The-Loop — ACM Digital Library insight 017,ACM Digital Library,https://dl.acm.org/human-in-the-loop-017,paper,"ai-product,human-in-the-loop",自动生成线索，待人工核验与筛选。
18,A/B Testing — IEEE Xplore insight 018,IEEE Xplore,https://ieeexplore.ieee.org/a-b-testing-018,paper,"ai-product,a-b-testing",自动生成线索，待人工核验与筛选。
19,Product Analytics — Stanford HAI insight 019,Stanford HAI,https://hai.stanford.edu/news/product-analytics-019,article,"ai-product,product-analytics",自动生成线索，待人工核验与筛选。
20,Observability For Llm — Berkeley BAIR Blog insight 020,Berkeley BAIR Blog,https://bair.berkeley.edu/blog/observability-for-llm-020,article,"ai-product,observability-for-llm",自动生成线索，待人工核验与筛选。
21,Data Labeling — OpenAI Blog insight 021,OpenAI Blog,https://openai.com/blog/data-labeling-021,article,"ai-product,data-labeling",自动生成线索，待人工核验与筛选。
22,Data Governance — OpenAI Docs insight 022,OpenAI Docs,https://platform.openai.com/docs/data-governance-022,docs,"ai-product,data-governance",自动生成线索，待人工核验与筛选。
23,Pretraining Corpora — Anthropic Newsroom insight 023,Anthropic Newsroom,https://www.anthropic.com/news/pretraining-corpora-023,article,"ai-product,pretraining-corpora",自动生成线索，待人工核验与筛选。
24,Post-Training Alignment — Google Research Blog insight 024,Google Research Blog,https://research.google/blog/post-training-alignment-024,article,"ai-product,post-training-alignment",自动生成线索，待人工核验与筛选。
25,Rlhf Practical — DeepMind Blog insight 025,DeepMind Blog,https://deepmind.google/discover/blog/rlhf-practical-025,article,"ai-product,rlhf-practical",自动生成线索，待人工核验与筛选。
26,Offline Reinforcement — Meta AI Blog insight 026,Meta AI Blog,https://ai.meta.com/blog/offline-reinforcement-026,article,"ai-product,offline-reinforcement",自动生成线索，待人工核验与筛选。
27,Reward Modeling — Microsoft Research insight 027,Microsoft Research,https://www.microsoft.com/en-us/research/publication/reward-modeling-027,paper,"ai-product,reward-modeling",自动生成线索，待人工核验与筛选。
28,System Prompt Design — Azure AI Blog insight 028,Azure AI Blog,https://azure.microsoft.com/en-us/blog/topics/ai-machine-learning/system-prompt-design-028,article,"ai-product,system-prompt-design",自动生成线索，待人工核验与筛选。
29,Safety Red-Teaming — AWS ML Blog insight 029,AWS ML Blog,https://aws.amazon.com/blogs/machine-learning/safety-red-teaming-029,article,"ai-product,safety-red-teaming",自动生成线索，待人工核验与筛选。
30,Content Moderation — Hugging Face Blog insight 030,Hugging Face Blog,https://huggingface.co/blog/content-moderation-030,article,"ai-product,content-moderation",自动生成线索，待人工核验与筛选。
31,Hallucination Detection — Hugging Face Course insight 031,Hugging Face Course,https://huggingface.co/learn/hallucination-detection-031,course,"ai-product,hallucination-detection",自动生成线索，待人工核验与筛选。
32,Self-Correction — NVIDIA Developer Blog insight 032,NVIDIA Developer Blog,https://developer.nvidia.com/blog/self-correction-032,article,"ai-product,self-correction",自动生成线索，待人工核验与筛选。
33,Retrieval Re-Ranking — MLOps Community insight 033,MLOps Community,https://mlops.community/retrieval-re-ranking-033,community,"ai-product,retrieval-re-ranking",自动生成线索，待人工核验与筛选。
34,Hybrid Search — Weights & Biases Reports insight 034,Weights & Biases Reports,https://wandb.ai/hybrid-search-034,case-study,"ai-product,hybrid-search",自动生成线索，待人工核验与筛选。
35,Knowledge Distillation — Papers with Code insight 035,Papers with Code,https://paperswithcode.com/knowledge-distillation-035,paper,"ai-product,knowledge-distillation",自动生成线索，待人工核验与筛选。
36,Model Compression — ArXiv insight 036,ArXiv,https://arxiv.org/model-compression-036,paper,"ai-product,model-compression",自动生成线索，待人工核验与筛选。
37,Quantization — ACM Digital Library insight 037,ACM Digital Library,https://dl.acm.org/quantization-037,paper,"ai-product,quantization",自动生成线索，待人工核验与筛选。
38,Lora Fine-Tuning — IEEE Xplore insight 038,IEEE Xplore,https://ieeexplore.ieee.org/lora-fine-tuning-038,paper,"ai-product,lora-fine-tuning",自动生成线索，待人工核验与筛选。
39,Parameter-Efficient Tuning — Stanford HAI insight 039,Stanford HAI,https://hai.stanford.edu/news/parameter-efficient-tuning-039,article,"ai-product,parameter-efficient-tuning",自动生成线索，待人工核验与筛选。
40,Inference Optimization — Berkeley BAIR Blog insight 040,Berkeley BAIR Blog,https://bair.berkeley.edu/blog/inference-optimization-040,article,"ai-product,inference-optimization",自动生成线索，待人工核验与筛选。
41,Gpu Scheduling — OpenAI Blog insight 041,OpenAI Blog,https://openai.com/blog/gpu-scheduling-041,article,"ai-product,gpu-scheduling",自动生成线索，待人工核验与筛选。
42,Multimodal Interfaces — OpenAI Docs insight 042,OpenAI Docs,https://platform.openai.com/docs/multimodal-interfaces-042,docs,"ai-product,multimodal-interfaces",自动生成线索，待人工核验与筛选。
43,Voice Assistants — Anthropic Newsroom insight 043,Anthropic Newsroom,https://www.anthropic.com/news/voice-assistants-043,article,"ai-product,voice-assistants",自动生成线索，待人工核验与筛选。
44,Document Qa — Google Research Blog insight 044,Google Research Blog,https://research.google/blog/document-qa-044,article,"ai-product,document-qa",自动生成线索，待人工核验与筛选。
45,Customer Support Bots — DeepMind Blog insight 045,DeepMind Blog,https://deepmind.google/discover/blog/customer-support-bots-045,article,"ai-product,customer-support-bots",自动生成线索，待人工核验与筛选。
46,Coding Assistants — Meta AI Blog insight 046,Meta AI Blog,https://ai.meta.com/blog/coding-assistants-046,article,"ai-product,coding-assistants",自动生成线索，待人工核验与筛选。
47,Productivity Copilots — Microsoft Research insight 047,Microsoft Research,https://www.microsoft.com/en-us/research/publication/productivity-copilots-047,paper,"ai-product,productivity-copilots",自动生成线索，待人工核验与筛选。
48,Workflow Automation — Azure AI Blog insight 048,Azure AI Blog,https://azure.microsoft.com/en-us/blog/topics/ai-machine-learning/workflow-automation-048,article,"ai-product,workflow-automation",自动生成线索，待人工核验与筛选。
49,Dataset Versioning — AWS ML Blog insight 049,AWS ML Blog,https://aws.amazon.com/blogs/machine-learning/dataset-versioning-049,article,"ai-product,dataset-versioning",自动生成线索，待人工核验与筛选。
50,Data Quality Checks — Hugging Face Blog insight 050,Hugging Face Blog,https://huggingface.co/blog/data-quality-checks-050,article,"ai-product,data-quality-checks",自动生成线索，待人工核验与筛选。
51,Ci/Cd For Models — Hugging Face Course insight 051,Hugging Face Course,https://huggingface.co/learn/ci-cd-for-models-051,course,"ai-product,ci-cd-for-models",自动生成线索，待人工核验与筛选。
52,Model Registry — NVIDIA Developer Blog insight 052,NVIDIA Developer Blog,https://developer.nvidia.com/blog/model-registry-052,article,"ai-product,model-registry",自动生成线索，待人工核验与筛选。
53,Canary Release — MLOps Community insight 053,MLOps Community,https://mlops.community/canary-release-053,community,"ai-product,canary-release",自动生成线索，待人工核验与筛选。
54,Rollback Strategy — Weights & Biases Reports insight 054,Weights & Biases Reports,https://wandb.ai/rollback-strategy-054,case-study,"ai-product,rollback-strategy",自动生成线索，待人工核验与筛选。
55,Shadow Deployment — Papers with Code insight 055,Papers with Code,https://paperswithcode.com/shadow-deployment-055,paper,"ai-product,shadow-deployment",自动生成线索，待人工核验与筛选。
56,Red/Black Deployment — ArXiv insight 056,ArXiv,https://arxiv.org/red-black-deployment-056,paper,"ai-product,red-black-deployment",自动生成线索，待人工核验与筛选。
57,Feature Flags — ACM Digital Library insight 057,ACM Digital Library,https://dl.acm.org/feature-flags-057,paper,"ai-product,feature-flags",自动生成线索，待人工核验与筛选。
58,Monitoring Dashboards — IEEE Xplore insight 058,IEEE Xplore,https://ieeexplore.ieee.org/monitoring-dashboards-058,paper,"ai-product,monitoring-dashboards",自动生成线索，待人工核验与筛选。
59,Trace Collection — Stanford HAI insight 059,Stanford HAI,https://hai.stanford.edu/news/trace-collection-059,article,"ai-product,trace-collection",自动生成线索，待人工核验与筛选。
60,Prompt Templates — Berkeley BAIR Blog insight 060,Berkeley BAIR Blog,https://bair.berkeley.edu/blog/prompt-templates-060,article,"ai-product,prompt-templates",自动生成线索，待人工核验与筛选。
61,Reusable Playbooks — OpenAI Blog insight 061,OpenAI Blog,https://openai.com/blog/reusable-playbooks-061,article,"ai-product,reusable-playbooks",自动生成线索，待人工核验与筛选。
62,Governance Policy — OpenAI Docs insight 062,OpenAI Docs,https://platform.openai.com/docs/governance-policy-062,docs,"ai-product,governance-policy",自动生成线索，待人工核验与筛选。
63,Privacy Preservation — Anthropic Newsroom insight 063,Anthropic Newsroom,https://www.anthropic.com/news/privacy-preservation-063,article,"ai-product,privacy-preservation",自动生成线索，待人工核验与筛选。
64,Pii Scrubbing — Google Research Blog insight 064,Google Research Blog,https://research.google/blog/pii-scrubbing-064,article,"ai-product,pii-scrubbing",自动生成线索，待人工核验与筛选。
65,Secure Prompt Handling — DeepMind Blog insight 065,DeepMind Blog,https://deepmind.google/discover/blog/secure-prompt-handling-065,article,"ai-product,secure-prompt-handling",自动生成线索，待人工核验与筛选。
66,Rbac For Ai Systems — Meta AI Blog insight 066,Meta AI Blog,https://ai.meta.com/blog/rbac-for-ai-systems-066,article,"ai-product,rbac-for-ai-systems",自动生成线索，待人工核验与筛选。
67,Threat Modeling — Microsoft Research insight 067,Microsoft Research,https://www.microsoft.com/en-us/research/publication/threat-modeling-067,paper,"ai-product,threat-modeling",自动生成线索，待人工核验与筛选。
68,Audit Logging — Azure AI Blog insight 068,Azure AI Blog,https://azure.microsoft.com/en-us/blog/topics/ai-machine-learning/audit-logging-068,article,"ai-product,audit-logging",自动生成线索，待人工核验与筛选。
69,Incident Response — AWS ML Blog insight 069,AWS ML Blog,https://aws.amazon.com/blogs/machine-learning/incident-response-069,article,"ai-product,incident-response",自动生成线索，待人工核验与筛选。
70,Postmortem Writing — Hugging Face Blog insight 070,Hugging Face Blog,https://huggingface.co/blog/postmortem-writing-070,article,"ai-product,postmortem-writing",自动生成线索，待人工核验与筛选。
71,Sla/Slo For Ai — Hugging Face Course insight 071,Hugging Face Course,https://huggingface.co/learn/sla-slo-for-ai-071,course,"ai-product,sla-slo-for-ai",自动生成线索，待人工核验与筛选。
72,Fairness Evaluation — NVIDIA Developer Blog insight 072,NVIDIA Developer Blog,https://developer.nvidia.com/blog/fairness-evaluation-072,article,"ai-product,fairness-evaluation",自动生成线索，待人工核验与筛选。
73,Bias Mitigation — MLOps Community insight 073,MLOps Community,https://mlops.community/bias-mitigation-073,community,"ai-product,bias-mitigation",自动生成线索，待人工核验与筛选。
74,Evaluating Toxicity — Weights & Biases Reports insight 074,Weights & Biases Reports,https://wandb.ai/evaluating-toxicity-074,case-study,"ai-product,evaluating-toxicity",自动生成线索，待人工核验与筛选。
75,Prompt Library Management — Papers with Code insight 075,Papers with Code,https://paperswithcode.com/prompt-library-management-075,paper,"ai-product,prompt-library-management",自动生成线索，待人工核验与筛选。
76,Agent Benchmark — ArXiv insight 076,ArXiv,https://arxiv.org/agent-benchmark-076,paper,"ai-product,agent-benchmark",自动生成线索，待人工核验与筛选。
77,Evaluation Datasets — ACM Digital Library insight 077,ACM Digital Library,https://dl.acm.org/evaluation-datasets-077,paper,"ai-product,evaluation-datasets",自动生成线索，待人工核验与筛选。
78,Leaderboard Tracking — IEEE Xplore insight 078,IEEE Xplore,https://ieeexplore.ieee.org/leaderboard-tracking-078,paper,"ai-product,leaderboard-tracking",自动生成线索，待人工核验与筛选。
79,Trace-Based Eval — Stanford HAI insight 079,Stanford HAI,https://hai.stanford.edu/news/trace-based-eval-079,article,"ai-product,trace-based-eval",自动生成线索，待人工核验与筛选。
80,Reinforcement From Evaluation — Berkeley BAIR Blog insight 080,Berkeley BAIR Blog,https://bair.berkeley.edu/blog/reinforcement-from-evaluation-080,article,"ai-product,reinforcement-from-evaluation",自动生成线索，待人工核验与筛选。
81,Retrieval Augmentation For Code — OpenAI Blog insight 081,OpenAI Blog,https://openai.com/blog/retrieval-augmentation-for-code-081,article,"ai-product,retrieval-augmentation-for-code",自动生成线索，待人工核验与筛选。
82,Knowledge Base Ingestion — OpenAI Docs insight 082,OpenAI Docs,https://platform.openai.com/docs/knowledge-base-ingestion-082,docs,"ai-product,knowledge-base-ingestion",自动生成线索，待人工核验与筛选。
83,Semantic Caching — Anthropic Newsroom insight 083,Anthropic Newsroom,https://www.anthropic.com/news/semantic-caching-083,article,"ai-product,semantic-caching",自动生成线索，待人工核验与筛选。
84,Function Calling — Google Research Blog insight 084,Google Research Blog,https://research.google/blog/function-calling-084,article,"ai-product,function-calling",自动生成线索，待人工核验与筛选。
85,Api Gateway Design — DeepMind Blog insight 085,DeepMind Blog,https://deepmind.google/discover/blog/api-gateway-design-085,article,"ai-product,api-gateway-design",自动生成线索，待人工核验与筛选。
86,Rate Limiting — Meta AI Blog insight 086,Meta AI Blog,https://ai.meta.com/blog/rate-limiting-086,article,"ai-product,rate-limiting",自动生成线索，待人工核验与筛选。
87,Cost Guardrails — Microsoft Research insight 087,Microsoft Research,https://www.microsoft.com/en-us/research/publication/cost-guardrails-087,paper,"ai-product,cost-guardrails",自动生成线索，待人工核验与筛选。
88,Per-Tenant Isolation — Azure AI Blog insight 088,Azure AI Blog,https://azure.microsoft.com/en-us/blog/topics/ai-machine-learning/per-tenant-isolation-088,article,"ai-product,per-tenant-isolation",自动生成线索，待人工核验与筛选。
89,Access Control — AWS ML Blog insight 089,AWS ML Blog,https://aws.amazon.com/blogs/machine-learning/access-control-089,article,"ai-product,access-control",自动生成线索，待人工核验与筛选。
90,Secrets Management — Hugging Face Blog insight 090,Hugging Face Blog,https://huggingface.co/blog/secrets-management-090,article,"ai-product,secrets-management",自动生成线索，待人工核验与筛选。
91,Audit Compliance — Hugging Face Course insight 091,Hugging Face Course,https://huggingface.co/learn/audit-compliance-091,course,"ai-product,audit-compliance",自动生成线索，待人工核验与筛选。
92,Model Observability — NVIDIA Developer Blog insight 092,NVIDIA Developer Blog,https://developer.nvidia.com/blog/model-observability-092,article,"ai-product,model-observability",自动生成线索，待人工核验与筛选。
93,Model Explainability — MLOps Community insight 093,MLOps Community,https://mlops.community/model-explainability-093,community,"ai-product,model-explainability",自动生成线索，待人工核验与筛选。
94,Counterfactual Evaluation — Weights & Biases Reports insight 094,Weights & Biases Reports,https://wandb.ai/counterfactual-evaluation-094,case-study,"ai-product,counterfactual-evaluation",自动生成线索，待人工核验与筛选。
95,Sensitivity Analysis — Papers with Code insight 095,Papers with Code,https://paperswithcode.com/sensitivity-analysis-095,paper,"ai-product,sensitivity-analysis",自动生成线索，待人工核验与筛选。
96,Safety Policy Rollout — ArXiv insight 096,ArXiv,https://arxiv.org/safety-policy-rollout-096,paper,"ai-product,safety-policy-rollout",自动生成线索，待人工核验与筛选。
97,Governance Committee — ACM Digital Library insight 097,ACM Digital Library,https://dl.acm.org/governance-committee-097,paper,"ai-product,governance-committee",自动生成线索，待人工核验与筛选。
98,Ai Product Metrics — IEEE Xplore insight 098,IEEE Xplore,https://ieeexplore.ieee.org/ai-product-metrics-098,paper,"ai-product,ai-product-metrics",自动生成线索，待人工核验与筛选。
99,User Feedback Loops — Stanford HAI insight 099,Stanford HAI,https://hai.stanford.edu/news/user-feedback-loops-099,article,"ai-product,user-feedback-loops",自动生成线索，待人工核验与筛选。
100,Labeling Tooling — Berkeley BAIR Blog insight 100,Berkeley BAIR Blog,https://bair.berkeley.edu/blog/labeling-tooling-100,article,"ai-product,labeling-tooling",自动生成线索，待人工核验与筛选。
101,Dataset Documentation — OpenAI Blog insight 101,OpenAI Blog,https://openai.com/blog/dataset-documentation-101,article,"ai-product,dataset-documentation",自动生成线索，待人工核验与筛选。
102,Model Cards — OpenAI Docs insight 102,OpenAI Docs,https://platform.openai.com/docs/model-cards-102,docs,"ai-product,model-cards",自动生成线索，待人工核验与筛选。
103,Data Cards — Anthropic Newsroom insight 103,Anthropic Newsroom,https://www.anthropic.com/news/data-cards-103,article,"ai-product,data-cards",自动生成线索，待人工核验与筛选。
104,Benchmark Selection — Google Research Blog insight 104,Google Research Blog,https://research.google/blog/benchmark-selection-104,article,"ai-product,benchmark-selection",自动生成线索，待人工核验与筛选。
105,Test Cases Generation — DeepMind Blog insight 105,DeepMind Blog,https://deepmind.google/discover/blog/test-cases-generation-105,article,"ai-product,test-cases-generation",自动生成线索，待人工核验与筛选。
106,Regression Testing — Meta AI Blog insight 106,Meta AI Blog,https://ai.meta.com/blog/regression-testing-106,article,"ai-product,regression-testing",自动生成线索，待人工核验与筛选。
107,Non-Regression Gates — Microsoft Research insight 107,Microsoft Research,https://www.microsoft.com/en-us/research/publication/non-regression-gates-107,paper,"ai-product,non-regression-gates",自动生成线索，待人工核验与筛选。
108,Chaos Experiments For Llm — Azure AI Blog insight 108,Azure AI Blog,https://azure.microsoft.com/en-us/blog/topics/ai-machine-learning/chaos-experiments-for-llm-108,article,"ai-product,chaos-experiments-for-llm",自动生成线索，待人工核验与筛选。
109,Load Testing Llm Apis — AWS ML Blog insight 109,AWS ML Blog,https://aws.amazon.com/blogs/machine-learning/load-testing-llm-apis-109,article,"ai-product,load-testing-llm-apis",自动生成线索，待人工核验与筛选。
110,Gpu Cost Tracking — Hugging Face Blog insight 110,Hugging Face Blog,https://huggingface.co/blog/gpu-cost-tracking-110,article,"ai-product,gpu-cost-tracking",自动生成线索，待人工核验与筛选。
111,Capacity Planning — Hugging Face Course insight 111,Hugging Face Course,https://huggingface.co/learn/capacity-planning-111,course,"ai-product,capacity-planning",自动生成线索，待人工核验与筛选。
112,Finops For Ai — NVIDIA Developer Blog insight 112,NVIDIA Developer Blog,https://developer.nvidia.com/blog/finops-for-ai-112,article,"ai-product,finops-for-ai",自动生成线索，待人工核验与筛选。
113,Privacy Threat Surface — MLOps Community insight 113,MLOps Community,https://mlops.community/privacy-threat-surface-113,community,"ai-product,privacy-threat-surface",自动生成线索，待人工核验与筛选。
114,Security Posture — Weights & Biases Reports insight 114,Weights & Biases Reports,https://wandb.ai/security-posture-114,case-study,"ai-product,security-posture",自动生成线索，待人工核验与筛选。
115,Compliance Controls — Papers with Code insight 115,Papers with Code,https://paperswithcode.com/compliance-controls-115,paper,"ai-product,compliance-controls",自动生成线索，待人工核验与筛选。
116,Model Release Checklist — ArXiv insight 116,ArXiv,https://arxiv.org/model-release-checklist-116,paper,"ai-product,model-release-checklist",自动生成线索，待人工核验与筛选。
117,Rollback Readiness — ACM Digital Library insight 117,ACM Digital Library,https://dl.acm.org/rollback-readiness-117,paper,"ai-product,rollback-readiness",自动生成线索，待人工核验与筛选。
118,Trace Sampling — IEEE Xplore insight 118,IEEE Xplore,https://ieeexplore.ieee.org/trace-sampling-118,paper,"ai-product,trace-sampling",自动生成线索，待人工核验与筛选。
119,Feedback Triage — Stanford HAI insight 119,Stanford HAI,https://hai.stanford.edu/news/feedback-triage-119,article,"ai-product,feedback-triage",自动生成线索，待人工核验与筛选。
120,Evaluation Automation — Berkeley BAIR Blog insight 120,Berkeley BAIR Blog,https://bair.berkeley.edu/blog/evaluation-automation-120,article,"ai-product,evaluation-automation",自动生成线索，待人工核验与筛选。
121,Governed Prompt Release — OpenAI Blog insight 121,OpenAI Blog,https://openai.com/blog/governed-prompt-release-121,article,"ai-product,governed-prompt-release",自动生成线索，待人工核验与筛选。
122,Playbook For Oncall — OpenAI Docs insight 122,OpenAI Docs,https://platform.openai.com/docs/playbook-for-oncall-122,docs,"ai-product,playbook-for-oncall",自动生成线索，待人工核验与筛选。
123,Post-Release Monitoring — Anthropic Newsroom insight 123,Anthropic Newsroom,https://www.anthropic.com/news/post-release-monitoring-123,article,"ai-product,post-release-monitoring",自动生成线索，待人工核验与筛选。
124,Dataset Refresh Cadence — Google Research Blog insight 124,Google Research Blog,https://research.google/blog/dataset-refresh-cadence-124,article,"ai-product,dataset-refresh-cadence",自动生成线索，待人工核验与筛选。
125,Data Drift Detection — DeepMind Blog insight 125,DeepMind Blog,https://deepmind.google/discover/blog/data-drift-detection-125,article,"ai-product,data-drift-detection",自动生成线索，待人工核验与筛选。
126,Prompt Drift Detection — Meta AI Blog insight 126,Meta AI Blog,https://ai.meta.com/blog/prompt-drift-detection-126,article,"ai-product,prompt-drift-detection",自动生成线索，待人工核验与筛选。
127,Input Validation — Microsoft Research insight 127,Microsoft Research,https://www.microsoft.com/en-us/research/publication/input-validation-127,paper,"ai-product,input-validation",自动生成线索，待人工核验与筛选。
128,Output Filtering — Azure AI Blog insight 128,Azure AI Blog,https://azure.microsoft.com/en-us/blog/topics/ai-machine-learning/output-filtering-128,article,"ai-product,output-filtering",自动生成线索，待人工核验与筛选。
129,Policy-As-Code — AWS ML Blog insight 129,AWS ML Blog,https://aws.amazon.com/blogs/machine-learning/policy-as-code-129,article,"ai-product,policy-as-code",自动生成线索，待人工核验与筛选。
130,Artifact Tracking — Hugging Face Blog insight 130,Hugging Face Blog,https://huggingface.co/blog/artifact-tracking-130,article,"ai-product,artifact-tracking",自动生成线索，待人工核验与筛选。
131,Lineage Tracking — Hugging Face Course insight 131,Hugging Face Course,https://huggingface.co/learn/lineage-tracking-131,course,"ai-product,lineage-tracking",自动生成线索，待人工核验与筛选。
132,Model Serving Patterns — NVIDIA Developer Blog insight 132,NVIDIA Developer Blog,https://developer.nvidia.com/blog/model-serving-patterns-132,article,"ai-product,model-serving-patterns",自动生成线索，待人工核验与筛选。
133,Feature Store Integration — MLOps Community insight 133,MLOps Community,https://mlops.community/feature-store-integration-133,community,"ai-product,feature-store-integration",自动生成线索，待人工核验与筛选。
134,Online Learning — Weights & Biases Reports insight 134,Weights & Biases Reports,https://wandb.ai/online-learning-134,case-study,"ai-product,online-learning",自动生成线索，待人工核验与筛选。
135,Batch Inference — Papers with Code insight 135,Papers with Code,https://paperswithcode.com/batch-inference-135,paper,"ai-product,batch-inference",自动生成线索，待人工核验与筛选。
136,Stream Inference — ArXiv insight 136,ArXiv,https://arxiv.org/stream-inference-136,paper,"ai-product,stream-inference",自动生成线索，待人工核验与筛选。
137,Knowledge Graph Integration — ACM Digital Library insight 137,ACM Digital Library,https://dl.acm.org/knowledge-graph-integration-137,paper,"ai-product,knowledge-graph-integration",自动生成线索，待人工核验与筛选。
138,Search Quality — IEEE Xplore insight 138,IEEE Xplore,https://ieeexplore.ieee.org/search-quality-138,paper,"ai-product,search-quality",自动生成线索，待人工核验与筛选。
139,Personalization — Stanford HAI insight 139,Stanford HAI,https://hai.stanford.edu/news/personalization-139,article,"ai-product,personalization",自动生成线索，待人工核验与筛选。
140,Recommendation With Llm — Berkeley BAIR Blog insight 140,Berkeley BAIR Blog,https://bair.berkeley.edu/blog/recommendation-with-llm-140,article,"ai-product,recommendation-with-llm",自动生成线索，待人工核验与筛选。
141,User Modeling — OpenAI Blog insight 141,OpenAI Blog,https://openai.com/blog/user-modeling-141,article,"ai-product,user-modeling",自动生成线索，待人工核验与筛选。
142,Ethics Guidelines — OpenAI Docs insight 142,OpenAI Docs,https://platform.openai.com/docs/ethics-guidelines-142,docs,"ai-product,ethics-guidelines",自动生成线索，待人工核验与筛选。
143,Model Resilience — Anthropic Newsroom insight 143,Anthropic Newsroom,https://www.anthropic.com/news/model-resilience-143,article,"ai-product,model-resilience",自动生成线索，待人工核验与筛选。
144,Availability Slos — Google Research Blog insight 144,Google Research Blog,https://research.google/blog/availability-slos-144,article,"ai-product,availability-slos",自动生成线索，待人工核验与筛选。
145,Autoscaling — DeepMind Blog insight 145,DeepMind Blog,https://deepmind.google/discover/blog/autoscaling-145,article,"ai-product,autoscaling",自动生成线索，待人工核验与筛选。
146,Traffic Shifting — Meta AI Blog insight 146,Meta AI Blog,https://ai.meta.com/blog/traffic-shifting-146,article,"ai-product,traffic-shifting",自动生成线索，待人工核验与筛选。
147,Orchestration Frameworks — Microsoft Research insight 147,Microsoft Research,https://www.microsoft.com/en-us/research/publication/orchestration-frameworks-147,paper,"ai-product,orchestration-frameworks",自动生成线索，待人工核验与筛选。
148,Workflow Engines — Azure AI Blog insight 148,Azure AI Blog,https://azure.microsoft.com/en-us/blog/topics/ai-machine-learning/workflow-engines-148,article,"ai-product,workflow-engines",自动生成线索，待人工核验与筛选。
149,Rag Pipeline Design — AWS ML Blog insight 149,AWS ML Blog,https://aws.amazon.com/blogs/machine-learning/rag-pipeline-design-149,article,"ai-product,rag-pipeline-design",自动生成线索，待人工核验与筛选。
150,Retrieval Evaluation — Hugging Face Blog insight 150,Hugging Face Blog,https://huggingface.co/blog/retrieval-evaluation-150,article,"ai-product,retrieval-evaluation",自动生成线索，待人工核验与筛选。
151,Chunking Strategies — Hugging Face Course insight 151,Hugging Face Course,https://huggingface.co/learn/chunking-strategies-151,course,"ai-product,chunking-strategies",自动生成线索，待人工核验与筛选。
152,Vector Database Tuning — NVIDIA Developer Blog insight 152,NVIDIA Developer Blog,https://developer.nvidia.com/blog/vector-database-tuning-152,article,"ai-product,vector-database-tuning",自动生成线索，待人工核验与筛选。
153,Prompt Engineering — MLOps Community insight 153,MLOps Community,https://mlops.community/prompt-engineering-153,community,"ai-product,prompt-engineering",自动生成线索，待人工核验与筛选。
154,Structured Output — Weights & Biases Reports insight 154,Weights & Biases Reports,https://wandb.ai/structured-output-154,case-study,"ai-product,structured-output",自动生成线索，待人工核验与筛选。
155,Tool Use Agents — Papers with Code insight 155,Papers with Code,https://paperswithcode.com/tool-use-agents-155,paper,"ai-product,tool-use-agents",自动生成线索，待人工核验与筛选。
156,Multi-Agent Orchestration — ArXiv insight 156,ArXiv,https://arxiv.org/multi-agent-orchestration-156,paper,"ai-product,multi-agent-orchestration",自动生成线索，待人工核验与筛选。
157,Guardrails And Safety — ACM Digital Library insight 157,ACM Digital Library,https://dl.acm.org/guardrails-and-safety-157,paper,"ai-product,guardrails-and-safety",自动生成线索，待人工核验与筛选。
158,Prompt Injection Defense — IEEE Xplore insight 158,IEEE Xplore,https://ieeexplore.ieee.org/prompt-injection-defense-158,paper,"ai-product,prompt-injection-defense",自动生成线索，待人工核验与筛选。
159,Hallucination Mitigation — Stanford HAI insight 159,Stanford HAI,https://hai.stanford.edu/news/hallucination-mitigation-159,article,"ai-product,hallucination-mitigation",自动生成线索，待人工核验与筛选。
160,Context Caching — Berkeley BAIR Blog insight 160,Berkeley BAIR Blog,https://bair.berkeley.edu/blog/context-caching-160,article,"ai-product,context-caching",自动生成线索，待人工核验与筛选。
161,Token Efficiency — OpenAI Blog insight 161,OpenAI Blog,https://openai.com/blog/token-efficiency-161,article,"ai-product,token-efficiency",自动生成线索，待人工核验与筛选。
162,Cost Optimization — OpenAI Docs insight 162,OpenAI Docs,https://platform.openai.com/docs/cost-optimization-162,docs,"ai-product,cost-optimization",自动生成线索，待人工核验与筛选。
163,Latency Reduction — Anthropic Newsroom insight 163,Anthropic Newsroom,https://www.anthropic.com/news/latency-reduction-163,article,"ai-product,latency-reduction",自动生成线索，待人工核验与筛选。
164,Evaluation Harness — Google Research Blog insight 164,Google Research Blog,https://research.google/blog/evaluation-harness-164,article,"ai-product,evaluation-harness",自动生成线索，待人工核验与筛选。
165,Human-In-The-Loop — DeepMind Blog insight 165,DeepMind Blog,https://deepmind.google/discover/blog/human-in-the-loop-165,article,"ai-product,human-in-the-loop",自动生成线索，待人工核验与筛选。
166,A/B Testing — Meta AI Blog insight 166,Meta AI Blog,https://ai.meta.com/blog/a-b-testing-166,article,"ai-product,a-b-testing",自动生成线索，待人工核验与筛选。
167,Product Analytics — Microsoft Research insight 167,Microsoft Research,https://www.microsoft.com/en-us/research/publication/product-analytics-167,paper,"ai-product,product-analytics",自动生成线索，待人工核验与筛选。
168,Observability For Llm — Azure AI Blog insight 168,Azure AI Blog,https://azure.microsoft.com/en-us/blog/topics/ai-machine-learning/observability-for-llm-168,article,"ai-product,observability-for-llm",自动生成线索，待人工核验与筛选。
169,Data Labeling — AWS ML Blog insight 169,AWS ML Blog,https://aws.amazon.com/blogs/machine-learning/data-labeling-169,article,"ai-product,data-labeling",自动生成线索，待人工核验与筛选。
170,Data Governance — Hugging Face Blog insight 170,Hugging Face Blog,https://huggingface.co/blog/data-governance-170,article,"ai-product,data-governance",自动生成线索，待人工核验与筛选。
171,Pretraining Corpora — Hugging Face Course insight 171,Hugging Face Course,https://huggingface.co/learn/pretraining-corpora-171,course,"ai-product,pretraining-corpora",自动生成线索，待人工核验与筛选。
172,Post-Training Alignment — NVIDIA Developer Blog insight 172,NVIDIA Developer Blog,https://developer.nvidia.com/blog/post-training-alignment-172,article,"ai-product,post-training-alignment",自动生成线索，待人工核验与筛选。
173,Rlhf Practical — MLOps Community insight 173,MLOps Community,https://mlops.community/rlhf-practical-173,community,"ai-product,rlhf-practical",自动生成线索，待人工核验与筛选。
174,Offline Reinforcement — Weights & Biases Reports insight 174,Weights & Biases Reports,https://wandb.ai/offline-reinforcement-174,case-study,"ai-product,offline-reinforcement",自动生成线索，待人工核验与筛选。
175,Reward Modeling — Papers with Code insight 175,Papers with Code,https://paperswithcode.com/reward-modeling-175,paper,"ai-product,reward-modeling",自动生成线索，待人工核验与筛选。
176,System Prompt Design — ArXiv insight 176,ArXiv,https://arxiv.org/system-prompt-design-176,paper,"ai-product,system-prompt-design",自动生成线索，待人工核验与筛选。
177,Safety Red-Teaming — ACM Digital Library insight 177,ACM Digital Library,https://dl.acm.org/safety-red-teaming-177,paper,"ai-product,safety-red-teaming",自动生成线索，待人工核验与筛选。
178,Content Moderation — IEEE Xplore insight 178,IEEE Xplore,https://ieeexplore.ieee.org/content-moderation-178,paper,"ai-product,content-moderation",自动生成线索，待人工核验与筛选。
179,Hallucination Detection — Stanford HAI insight 179,Stanford HAI,https://hai.stanford.edu/news/hallucination-detection-179,article,"ai-product,hallucination-detection",自动生成线索，待人工核验与筛选。
180,Self-Correction — Berkeley BAIR Blog insight 180,Berkeley BAIR Blog,https://bair.berkeley.edu/blog/self-correction-180,article,"ai-product,self-correction",自动生成线索，待人工核验与筛选。
181,Retrieval Re-Ranking — OpenAI Blog insight 181,OpenAI Blog,https://openai.com/blog/retrieval-re-ranking-181,article,"ai-product,retrieval-re-ranking",自动生成线索，待人工核验与筛选。
182,Hybrid Search — OpenAI Docs insight 182,OpenAI Docs,https://platform.openai.com/docs/hybrid-search-182,docs,"ai-product,hybrid-search",自动生成线索，待人工核验与筛选。
183,Knowledge Distillation — Anthropic Newsroom insight 183,Anthropic Newsroom,https://www.anthropic.com/news/knowledge-distillation-183,article,"ai-product,knowledge-distillation",自动生成线索，待人工核验与筛选。
184,Model Compression — Google Research Blog insight 184,Google Research Blog,https://research.google/blog/model-compression-184,article,"ai-product,model-compression",自动生成线索，待人工核验与筛选。
185,Quantization — DeepMind Blog insight 185,DeepMind Blog,https://deepmind.google/discover/blog/quantization-185,article,"ai-product,quantization",自动生成线索，待人工核验与筛选。
186,Lora Fine-Tuning — Meta AI Blog insight 186,Meta AI Blog,https://ai.meta.com/blog/lora-fine-tuning-186,article,"ai-product,lora-fine-tuning",自动生成线索，待人工核验与筛选。
187,Parameter-Efficient Tuning — Microsoft Research insight 187,Microsoft Research,https://www.microsoft.com/en-us/research/publication/parameter-efficient-tuning-187,paper,"ai-product,parameter-efficient-tuning",自动生成线索，待人工核验与筛选。
188,Inference Optimization — Azure AI Blog insight 188,Azure AI Blog,https://azure.microsoft.com/en-us/blog/topics/ai-machine-learning/inference-optimization-188,article,"ai-product,inference-optimization",自动生成线索，待人工核验与筛选。
189,Gpu Scheduling — AWS ML Blog insight 189,AWS ML Blog,https://aws.amazon.com/blogs/machine-learning/gpu-scheduling-189,article,"ai-product,gpu-scheduling",自动生成线索，待人工核验与筛选。
190,Multimodal Interfaces — Hugging Face Blog insight 190,Hugging Face Blog,https://huggingface.co/blog/multimodal-interfaces-190,article,"ai-product,multimodal-interfaces",自动生成线索，待人工核验与筛选。
191,Voice Assistants — Hugging Face Course insight 191,Hugging Face Course,https://huggingface.co/learn/voice-assistants-191,course,"ai-product,voice-assistants",自动生成线索，待人工核验与筛选。
192,Document Qa — NVIDIA Developer Blog insight 192,NVIDIA Developer Blog,https://developer.nvidia.com/blog/document-qa-192,article,"ai-product,document-qa",自动生成线索，待人工核验与筛选。
193,Customer Support Bots — MLOps Community insight 193,MLOps Community,https://mlops.community/customer-support-bots-193,community,"ai-product,customer-support-bots",自动生成线索，待人工核验与筛选。
194,Coding Assistants — Weights & Biases Reports insight 194,Weights & Biases Reports,https://wandb.ai/coding-assistants-194,case-study,"ai-product,coding-assistants",自动生成线索，待人工核验与筛选。
195,Productivity Copilots — Papers with Code insight 195,Papers with Code,https://paperswithcode.com/productivity-copilots-195,paper,"ai-product,productivity-copilots",自动生成线索，待人工核验与筛选。
196,Workflow Automation — ArXiv insight 196,ArXiv,https://arxiv.org/workflow-automation-196,paper,"ai-product,workflow-automation",自动生成线索，待人工核验与筛选。
197,Dataset Versioning — ACM Digital Library insight 197,ACM Digital Library,https://dl.acm.org/dataset-versioning-197,paper,"ai-product,dataset-versioning",自动生成线索，待人工核验与筛选。
198,Data Quality Checks — IEEE Xplore insight 198,IEEE Xplore,https://ieeexplore.ieee.org/data-quality-checks-198,paper,"ai-product,data-quality-checks",自动生成线索，待人工核验与筛选。
199,Ci/Cd For Models — Stanford HAI insight 199,Stanford HAI,https://hai.stanford.edu/news/ci-cd-for-models-199,article,"ai-product,ci-cd-for-models",自动生成线索，待人工核验与筛选。
200,Model Registry — Berkeley BAIR Blog insight 200,Berkeley BAIR Blog,https://bair.berkeley.edu/blog/model-registry-200,article,"ai-product,model-registry",自动生成线索，待人工核验与筛选。
201,Canary Release — OpenAI Blog insight 201,OpenAI Blog,https://openai.com/blog/canary-release-201,article,"ai-product,canary-release",自动生成线索，待人工核验与筛选。
202,Rollback Strategy — OpenAI Docs insight 202,OpenAI Docs,https://platform.openai.com/docs/rollback-strategy-202,docs,"ai-product,rollback-strategy",自动生成线索，待人工核验与筛选。
203,Shadow Deployment — Anthropic Newsroom insight 203,Anthropic Newsroom,https://www.anthropic.com/news/shadow-deployment-203,article,"ai-product,shadow-deployment",自动生成线索，待人工核验与筛选。
204,Red/Black Deployment — Google Research Blog insight 204,Google Research Blog,https://research.google/blog/red-black-deployment-204,article,"ai-product,red-black-deployment",自动生成线索，待人工核验与筛选。
205,Feature Flags — DeepMind Blog insight 205,DeepMind Blog,https://deepmind.google/discover/blog/feature-flags-205,article,"ai-product,feature-flags",自动生成线索，待人工核验与筛选。
206,Monitoring Dashboards — Meta AI Blog insight 206,Meta AI Blog,https://ai.meta.com/blog/monitoring-dashboards-206,article,"ai-product,monitoring-dashboards",自动生成线索，待人工核验与筛选。
207,Trace Collection — Microsoft Research insight 207,Microsoft Research,https://www.microsoft.com/en-us/research/publication/trace-collection-207,paper,"ai-product,trace-collection",自动生成线索，待人工核验与筛选。
208,Prompt Templates — Azure AI Blog insight 208,Azure AI Blog,https://azure.microsoft.com/en-us/blog/topics/ai-machine-learning/prompt-templates-208,article,"ai-product,prompt-templates",自动生成线索，待人工核验与筛选。
209,Reusable Playbooks — AWS ML Blog insight 209,AWS ML Blog,https://aws.amazon.com/blogs/machine-learning/reusable-playbooks-209,article,"ai-product,reusable-playbooks",自动生成线索，待人工核验与筛选。
210,Governance Policy — Hugging Face Blog insight 210,Hugging Face Blog,https://huggingface.co/blog/governance-policy-210,article,"ai-product,governance-policy",自动生成线索，待人工核验与筛选。
211,Privacy Preservation — Hugging Face Course insight 211,Hugging Face Course,https://huggingface.co/learn/privacy-preservation-211,course,"ai-product,privacy-preservation",自动生成线索，待人工核验与筛选。
212,Pii Scrubbing — NVIDIA Developer Blog insight 212,NVIDIA Developer Blog,https://developer.nvidia.com/blog/pii-scrubbing-212,article,"ai-product,pii-scrubbing",自动生成线索，待人工核验与筛选。
213,Secure Prompt Handling — MLOps Community insight 213,MLOps Community,https://mlops.community/secure-prompt-handling-213,community,"ai-product,secure-prompt-handling",自动生成线索，待人工核验与筛选。
214,Rbac For Ai Systems — Weights & Biases Reports insight 214,Weights & Biases Reports,https://wandb.ai/rbac-for-ai-systems-214,case-study,"ai-product,rbac-for-ai-systems",自动生成线索，待人工核验与筛选。
215,Threat Modeling — Papers with Code insight 215,Papers with Code,https://paperswithcode.com/threat-modeling-215,paper,"ai-product,threat-modeling",自动生成线索，待人工核验与筛选。
216,Audit Logging — ArXiv insight 216,ArXiv,https://arxiv.org/audit-logging-216,paper,"ai-product,audit-logging",自动生成线索，待人工核验与筛选。
217,Incident Response — ACM Digital Library insight 217,ACM Digital Library,https://dl.acm.org/incident-response-217,paper,"ai-product,incident-response",自动生成线索，待人工核验与筛选。
218,Postmortem Writing — IEEE Xplore insight 218,IEEE Xplore,https://ieeexplore.ieee.org/postmortem-writing-218,paper,"ai-product,postmortem-writing",自动生成线索，待人工核验与筛选。
219,Sla/Slo For Ai — Stanford HAI insight 219,Stanford HAI,https://hai.stanford.edu/news/sla-slo-for-ai-219,article,"ai-product,sla-slo-for-ai",自动生成线索，待人工核验与筛选。
220,Fairness Evaluation — Berkeley BAIR Blog insight 220,Berkeley BAIR Blog,https://bair.berkeley.edu/blog/fairness-evaluation-220,article,"ai-product,fairness-evaluation",自动生成线索，待人工核验与筛选。
221,Bias Mitigation — OpenAI Blog insight 221,OpenAI Blog,https://openai.com/blog/bias-mitigation-221,article,"ai-product,bias-mitigation",自动生成线索，待人工核验与筛选。
222,Evaluating Toxicity — OpenAI Docs insight 222,OpenAI Docs,https://platform.openai.com/docs/evaluating-toxicity-222,docs,"ai-product,evaluating-toxicity",自动生成线索，待人工核验与筛选。
223,Prompt Library Management — Anthropic Newsroom insight 223,Anthropic Newsroom,https://www.anthropic.com/news/prompt-library-management-223,article,"ai-product,prompt-library-management",自动生成线索，待人工核验与筛选。
224,Agent Benchmark — Google Research Blog insight 224,Google Research Blog,https://research.google/blog/agent-benchmark-224,article,"ai-product,agent-benchmark",自动生成线索，待人工核验与筛选。
225,Evaluation Datasets — DeepMind Blog insight 225,DeepMind Blog,https://deepmind.google/discover/blog/evaluation-datasets-225,article,"ai-product,evaluation-datasets",自动生成线索，待人工核验与筛选。
226,Leaderboard Tracking — Meta AI Blog insight 226,Meta AI Blog,https://ai.meta.com/blog/leaderboard-tracking-226,article,"ai-product,leaderboard-tracking",自动生成线索，待人工核验与筛选。
227,Trace-Based Eval — Microsoft Research insight 227,Microsoft Research,https://www.microsoft.com/en-us/research/publication/trace-based-eval-227,paper,"ai-product,trace-based-eval",自动生成线索，待人工核验与筛选。
228,Reinforcement From Evaluation — Azure AI Blog insight 228,Azure AI Blog,https://azure.microsoft.com/en-us/blog/topics/ai-machine-learning/reinforcement-from-evaluation-228,article,"ai-product,reinforcement-from-evaluation",自动生成线索，待人工核验与筛选。
229,Retrieval Augmentation For Code — AWS ML Blog insight 229,AWS ML Blog,https://aws.amazon.com/blogs/machine-learning/retrieval-augmentation-for-code-229,article,"ai-product,retrieval-augmentation-for-code",自动生成线索，待人工核验与筛选。
230,Knowledge Base Ingestion — Hugging Face Blog insight 230,Hugging Face Blog,https://huggingface.co/blog/knowledge-base-ingestion-230,article,"ai-product,knowledge-base-ingestion",自动生成线索，待人工核验与筛选。
231,Semantic Caching — Hugging Face Course insight 231,Hugging Face Course,https://huggingface.co/learn/semantic-caching-231,course,"ai-product,semantic-caching",自动生成线索，待人工核验与筛选。
232,Function Calling — NVIDIA Developer Blog insight 232,NVIDIA Developer Blog,https://developer.nvidia.com/blog/function-calling-232,article,"ai-product,function-calling",自动生成线索，待人工核验与筛选。
233,Api Gateway Design — MLOps Community insight 233,MLOps Community,https://mlops.community/api-gateway-design-233,community,"ai-product,api-gateway-design",自动生成线索，待人工核验与筛选。
234,Rate Limiting — Weights & Biases Reports insight 234,Weights & Biases Reports,https://wandb.ai/rate-limiting-234,case-study,"ai-product,rate-limiting",自动生成线索，待人工核验与筛选。
235,Cost Guardrails — Papers with Code insight 235,Papers with Code,https://paperswithcode.com/cost-guardrails-235,paper,"ai-product,cost-guardrails",自动生成线索，待人工核验与筛选。
236,Per-Tenant Isolation — ArXiv insight 236,ArXiv,https://arxiv.org/per-tenant-isolation-236,paper,"ai-product,per-tenant-isolation",自动生成线索，待人工核验与筛选。
237,Access Control — ACM Digital Library insight 237,ACM Digital Library,https://dl.acm.org/access-control-237,paper,"ai-product,access-control",自动生成线索，待人工核验与筛选。
238,Secrets Management — IEEE Xplore insight 238,IEEE Xplore,https://ieeexplore.ieee.org/secrets-management-238,paper,"ai-product,secrets-management",自动生成线索，待人工核验与筛选。
239,Audit Compliance — Stanford HAI insight 239,Stanford HAI,https://hai.stanford.edu/news/audit-compliance-239,article,"ai-product,audit-compliance",自动生成线索，待人工核验与筛选。
240,Model Observability — Berkeley BAIR Blog insight 240,Berkeley BAIR Blog,https://bair.berkeley.edu/blog/model-observability-240,article,"ai-product,model-observability",自动生成线索，待人工核验与筛选。
241,Model Explainability — OpenAI Blog insight 241,OpenAI Blog,https://openai.com/blog/model-explainability-241,article,"ai-product,model-explainability",自动生成线索，待人工核验与筛选。
242,Counterfactual Evaluation — OpenAI Docs insight 242,OpenAI Docs,https://platform.openai.com/docs/counterfactual-evaluation-242,docs,"ai-product,counterfactual-evaluation",自动生成线索，待人工核验与筛选。
243,Sensitivity Analysis — Anthropic Newsroom insight 243,Anthropic Newsroom,https://www.anthropic.com/news/sensitivity-analysis-243,article,"ai-product,sensitivity-analysis",自动生成线索，待人工核验与筛选。
244,Safety Policy Rollout — Google Research Blog insight 244,Google Research Blog,https://research.google/blog/safety-policy-rollout-244,article,"ai-product,safety-policy-rollout",自动生成线索，待人工核验与筛选。
245,Governance Committee — DeepMind Blog insight 245,DeepMind Blog,https://deepmind.google/discover/blog/governance-committee-245,article,"ai-product,governance-committee",自动生成线索，待人工核验与筛选。
246,Ai Product Metrics — Meta AI Blog insight 246,Meta AI Blog,https://ai.meta.com/blog/ai-product-metrics-246,article,"ai-product,ai-product-metrics",自动生成线索，待人工核验与筛选。
247,User Feedback Loops — Microsoft Research insight 247,Microsoft Research,https://www.microsoft.com/en-us/research/publication/user-feedback-loops-247,paper,"ai-product,user-feedback-loops",自动生成线索，待人工核验与筛选。
248,Labeling Tooling — Azure AI Blog insight 248,Azure AI Blog,https://azure.microsoft.com/en-us/blog/topics/ai-machine-learning/labeling-tooling-248,article,"ai-product,labeling-tooling",自动生成线索，待人工核验与筛选。
249,Dataset Documentation — AWS ML Blog insight 249,AWS ML Blog,https://aws.amazon.com/blogs/machine-learning/dataset-documentation-249,article,"ai-product,dataset-documentation",自动生成线索，待人工核验与筛选。
250,Model Cards — Hugging Face Blog insight 250,Hugging Face Blog,https://huggingface.co/blog/model-cards-250,article,"ai-product,model-cards",自动生成线索，待人工核验与筛选。
251,Data Cards — Hugging Face Course insight 251,Hugging Face Course,https://huggingface.co/learn/data-cards-251,course,"ai-product,data-cards",自动生成线索，待人工核验与筛选。
252,Benchmark Selection — NVIDIA Developer Blog insight 252,NVIDIA Developer Blog,https://developer.nvidia.com/blog/benchmark-selection-252,article,"ai-product,benchmark-selection",自动生成线索，待人工核验与筛选。
253,Test Cases Generation — MLOps Community insight 253,MLOps Community,https://mlops.community/test-cases-generation-253,community,"ai-product,test-cases-generation",自动生成线索，待人工核验与筛选。
254,Regression Testing — Weights & Biases Reports insight 254,Weights & Biases Reports,https://wandb.ai/regression-testing-254,case-study,"ai-product,regression-testing",自动生成线索，待人工核验与筛选。
255,Non-Regression Gates — Papers with Code insight 255,Papers with Code,https://paperswithcode.com/non-regression-gates-255,paper,"ai-product,non-regression-gates",自动生成线索，待人工核验与筛选。
256,Chaos Experiments For Llm — ArXiv insight 256,ArXiv,https://arxiv.org/chaos-experiments-for-llm-256,paper,"ai-product,chaos-experiments-for-llm",自动生成线索，待人工核验与筛选。
257,Load Testing Llm Apis — ACM Digital Library insight 257,ACM Digital Library,https://dl.acm.org/load-testing-llm-apis-257,paper,"ai-product,load-testing-llm-apis",自动生成线索，待人工核验与筛选。
258,Gpu Cost Tracking — IEEE Xplore insight 258,IEEE Xplore,https://ieeexplore.ieee.org/gpu-cost-tracking-258,paper,"ai-product,gpu-cost-tracking",自动生成线索，待人工核验与筛选。
259,Capacity Planning — Stanford HAI insight 259,Stanford HAI,https://hai.stanford.edu/news/capacity-planning-259,article,"ai-product,capacity-planning",自动生成线索，待人工核验与筛选。
260,Finops For Ai — Berkeley BAIR Blog insight 260,Berkeley BAIR Blog,https://bair.berkeley.edu/blog/finops-for-ai-260,article,"ai-product,finops-for-ai",自动生成线索，待人工核验与筛选。
261,Privacy Threat Surface — OpenAI Blog insight 261,OpenAI Blog,https://openai.com/blog/privacy-threat-surface-261,article,"ai-product,privacy-threat-surface",自动生成线索，待人工核验与筛选。
262,Security Posture — OpenAI Docs insight 262,OpenAI Docs,https://platform.openai.com/docs/security-posture-262,docs,"ai-product,security-posture",自动生成线索，待人工核验与筛选。
263,Compliance Controls — Anthropic Newsroom insight 263,Anthropic Newsroom,https://www.anthropic.com/news/compliance-controls-263,article,"ai-product,compliance-controls",自动生成线索，待人工核验与筛选。
264,Model Release Checklist — Google Research Blog insight 264,Google Research Blog,https://research.google/blog/model-release-checklist-264,article,"ai-product,model-release-checklist",自动生成线索，待人工核验与筛选。
265,Rollback Readiness — DeepMind Blog insight 265,DeepMind Blog,https://deepmind.google/discover/blog/rollback-readiness-265,article,"ai-product,rollback-readiness",自动生成线索，待人工核验与筛选。
266,Trace Sampling — Meta AI Blog insight 266,Meta AI Blog,https://ai.meta.com/blog/trace-sampling-266,article,"ai-product,trace-sampling",自动生成线索，待人工核验与筛选。
267,Feedback Triage — Microsoft Research insight 267,Microsoft Research,https://www.microsoft.com/en-us/research/publication/feedback-triage-267,paper,"ai-product,feedback-triage",自动生成线索，待人工核验与筛选。
268,Evaluation Automation — Azure AI Blog insight 268,Azure AI Blog,https://azure.microsoft.com/en-us/blog/topics/ai-machine-learning/evaluation-automation-268,article,"ai-product,evaluation-automation",自动生成线索，待人工核验与筛选。
269,Governed Prompt Release — AWS ML Blog insight 269,AWS ML Blog,https://aws.amazon.com/blogs/machine-learning/governed-prompt-release-269,article,"ai-product,governed-prompt-release",自动生成线索，待人工核验与筛选。
270,Playbook For Oncall — Hugging Face Blog insight 270,Hugging Face Blog,https://huggingface.co/blog/playbook-for-oncall-270,article,"ai-product,playbook-for-oncall",自动生成线索，待人工核验与筛选。
271,Post-Release Monitoring — Hugging Face Course insight 271,Hugging Face Course,https://huggingface.co/learn/post-release-monitoring-271,course,"ai-product,post-release-monitoring",自动生成线索，待人工核验与筛选。
272,Dataset Refresh Cadence — NVIDIA Developer Blog insight 272,NVIDIA Developer Blog,https://developer.nvidia.com/blog/dataset-refresh-cadence-272,article,"ai-product,dataset-refresh-cadence",自动生成线索，待人工核验与筛选。
273,Data Drift Detection — MLOps Community insight 273,MLOps Community,https://mlops.community/data-drift-detection-273,community,"ai-product,data-drift-detection",自动生成线索，待人工核验与筛选。
274,Prompt Drift Detection — Weights & Biases Reports insight 274,Weights & Biases Reports,https://wandb.ai/prompt-drift-detection-274,case-study,"ai-product,prompt-drift-detection",自动生成线索，待人工核验与筛选。
275,Input Validation — Papers with Code insight 275,Papers with Code,https://paperswithcode.com/input-validation-275,paper,"ai-product,input-validation",自动生成线索，待人工核验与筛选。
276,Output Filtering — ArXiv insight 276,ArXiv,https://arxiv.org/output-filtering-276,paper,"ai-product,output-filtering",自动生成线索，待人工核验与筛选。
277,Policy-As-Code — ACM Digital Library insight 277,ACM Digital Library,https://dl.acm.org/policy-as-code-277,paper,"ai-product,policy-as-code",自动生成线索，待人工核验与筛选。
278,Artifact Tracking — IEEE Xplore insight 278,IEEE Xplore,https://ieeexplore.ieee.org/artifact-tracking-278,paper,"ai-product,artifact-tracking",自动生成线索，待人工核验与筛选。
279,Lineage Tracking — Stanford HAI insight 279,Stanford HAI,https://hai.stanford.edu/news/lineage-tracking-279,article,"ai-product,lineage-tracking",自动生成线索，待人工核验与筛选。
280,Model Serving Patterns — Berkeley BAIR Blog insight 280,Berkeley BAIR Blog,https://bair.berkeley.edu/blog/model-serving-patterns-280,article,"ai-product,model-serving-patterns",自动生成线索，待人工核验与筛选。
281,Feature Store Integration — OpenAI Blog insight 281,OpenAI Blog,https://openai.com/blog/feature-store-integration-281,article,"ai-product,feature-store-integration",自动生成线索，待人工核验与筛选。
282,Online Learning — OpenAI Docs insight 282,OpenAI Docs,https://platform.openai.com/docs/online-learning-282,docs,"ai-product,online-learning",自动生成线索，待人工核验与筛选。
283,Batch Inference — Anthropic Newsroom insight 283,Anthropic Newsroom,https://www.anthropic.com/news/batch-inference-283,article,"ai-product,batch-inference",自动生成线索，待人工核验与筛选。
284,Stream Inference — Google Research Blog insight 284,Google Research Blog,https://research.google/blog/stream-inference-284,article,"ai-product,stream-inference",自动生成线索，待人工核验与筛选。
285,Knowledge Graph Integration — DeepMind Blog insight 285,DeepMind Blog,https://deepmind.google/discover/blog/knowledge-graph-integration-285,article,"ai-product,knowledge-graph-integration",自动生成线索，待人工核验与筛选。
286,Search Quality — Meta AI Blog insight 286,Meta AI Blog,https://ai.meta.com/blog/search-quality-286,article,"ai-product,search-quality",自动生成线索，待人工核验与筛选。
287,Personalization — Microsoft Research insight 287,Microsoft Research,https://www.microsoft.com/en-us/research/publication/personalization-287,paper,"ai-product,personalization",自动生成线索，待人工核验与筛选。
288,Recommendation With Llm — Azure AI Blog insight 288,Azure AI Blog,https://azure.microsoft.com/en-us/blog/topics/ai-machine-learning/recommendation-with-llm-288,article,"ai-product,recommendation-with-llm",自动生成线索，待人工核验与筛选。
289,User Modeling — AWS ML Blog insight 289,AWS ML Blog,https://aws.amazon.com/blogs/machine-learning/user-modeling-289,article,"ai-product,user-modeling",自动生成线索，待人工核验与筛选。
290,Ethics Guidelines — Hugging Face Blog insight 290,Hugging Face Blog,https://huggingface.co/blog/ethics-guidelines-290,article,"ai-product,ethics-guidelines",自动生成线索，待人工核验与筛选。
291,Model Resilience — Hugging Face Course insight 291,Hugging Face Course,https://huggingface.co/learn/model-resilience-291,course,"ai-product,model-resilience",自动生成线索，待人工核验与筛选。
292,Availability Slos — NVIDIA Developer Blog insight 292,NVIDIA Developer Blog,https://developer.nvidia.com/blog/availability-slos-292,article,"ai-product,availability-slos",自动生成线索，待人工核验与筛选。
293,Autoscaling — MLOps Community insight 293,MLOps Community,https://mlops.community/autoscaling-293,community,"ai-product,autoscaling",自动生成线索，待人工核验与筛选。
294,Traffic Shifting — Weights & Biases Reports insight 294,Weights & Biases Reports,https://wandb.ai/traffic-shifting-294,case-study,"ai-product,traffic-shifting",自动生成线索，待人工核验与筛选。
295,Orchestration Frameworks — Papers with Code insight 295,Papers with Code,https://paperswithcode.com/orchestration-frameworks-295,paper,"ai-product,orchestration-frameworks",自动生成线索，待人工核验与筛选。
296,Workflow Engines — ArXiv insight 296,ArXiv,https://arxiv.org/workflow-engines-296,paper,"ai-product,workflow-engines",自动生成线索，待人工核验与筛选。
297,Rag Pipeline Design — ACM Digital Library insight 297,ACM Digital Library,https://dl.acm.org/rag-pipeline-design-297,paper,"ai-product,rag-pipeline-design",自动生成线索，待人工核验与筛选。
298,Retrieval Evaluation — IEEE Xplore insight 298,IEEE Xplore,https://ieeexplore.ieee.org/retrieval-evaluation-298,paper,"ai-product,retrieval-evaluation",自动生成线索，待人工核验与筛选。
299,Chunking Strategies — Stanford HAI insight 299,Stanford HAI,https://hai.stanford.edu/news/chunking-strategies-299,article,"ai-product,chunking-strategies",自动生成线索，待人工核验与筛选。
300,Vector Database Tuning — Berkeley BAIR Blog insight 300,Berkeley BAIR Blog,https://bair.berkeley.edu/blog/vector-database-tuning-300,article,"ai-product,vector-database-tuning",自动生成线索，待人工核验与筛选。
